2026-02-15T20:34:57.074725,moveL,"0.500000,0.000000,0.600000,0.000000,3.141593,0.000000",success
2026-02-15T20:34:59.434880,moveL,"0.556262,0.315281,0.101036,0.000000,3.141593,0.000000",success
2026-02-15T20:35:00.431032,moveL,"0.556262,0.315281,0.001036,0.000000,3.141593,0.000000",success
2026-02-15T20:35:01.428026,moveL,"0.556262,0.315281,0.101036,0.000000,3.141593,0.000000",success
2026-02-15T20:35:03.695825,moveL,"0.400000,-0.200000,0.200000,0.000000,3.141593,0.000000",success
2026-02-15T20:35:04.692000,moveL,"0.400000,-0.200000,0.100000,0.000000,3.141593,0.000000",success
2026-02-15T20:35:05.690519,moveL,"0.400000,-0.200000,0.200000,0.000000,3.141593,0.000000",success
2026-02-15T20:35:08.125100,moveL,"0.551398,0.412869,0.132308,0.000000,3.141593,0.000000",success
2026-02-15T20:35:09.119947,moveL,"0.551398,0.412869,0.032308,0.000000,3.141593,0.000000",success
2026-02-15T20:35:10.123052,moveL,"0.551398,0.412869,0.132308,0.000000,3.141593,0.000000",success
2026-02-15T20:35:12.568677,moveL,"0.510000,-0.200000,0.200000,0.000000,3.141593,0.000000",success
2026-02-15T20:35:13.566300,moveL,"0.510000,-0.200000,0.100000,0.000000,3.141593,0.000000",success
2026-02-15T20:35:14.562746,moveL,"0.510000,-0.200000,0.200000,0.000000,3.141593,0.000000",success
2026-02-15T20:35:16.819247,moveL,"0.425407,0.334690,0.116050,0.000000,3.141593,0.000000",success
2026-02-15T20:35:17.811997,moveL,"0.425407,0.334690,0.016050,0.000000,3.141593,0.000000",success
2026-02-15T20:35:18.821482,moveL,"0.425407,0.334690,0.116050,0.000000,3.141593,0.000000",success
2026-02-15T20:35:20.855461,moveL,"0.400000,-0.090000,0.200000,0.000000,3.141593,0.000000",success
2026-02-15T20:35:21.847999,moveL,"0.400000,-0.090000,0.100000,0.000000,3.141593,0.000000",success
2026-02-15T20:35:22.843962,moveL,"0.400000,-0.090000,0.200000,0.000000,3.141593,0.000000",success
2026-02-15T20:35:24.952299,moveL,"0.605560,0.323599,0.100335,0.000000,3.141593,0.000000",success
2026-02-15T20:35:25.946207,moveL,"0.605560,0.323599,0.000335,0.000000,3.141593,0.000000",success
2026-02-15T20:35:26.940007,moveL,"0.605560,0.323599,0.100335,0.000000,3.141593,0.000000",success
2026-02-15T20:35:28.968506,moveL,"0.510000,-0.090000,0.200000,0.000000,3.141593,0.000000",success
2026-02-15T20:35:29.961832,moveL,"0.510000,-0.090000,0.100000,0.000000,3.141593,0.000000",success
2026-02-15T20:35:30.958486,moveL,"0.510000,-0.090000,0.200000,0.000000,3.141593,0.000000",success
2026-02-15T20:35:51.739020,moveL,"0.500000,0.000000,0.600000,0.000000,3.141593,0.000000",success
2026-02-15T20:35:54.088026,moveL,"0.556262,0.315281,0.101036,0.000000,3.141593,0.000000",success
2026-02-15T20:35:55.083033,moveL,"0.556262,0.315281,0.001036,0.000000,3.141593,0.000000",success
2026-02-15T20:35:56.090798,moveL,"0.556262,0.315281,0.101036,0.000000,3.141593,0.000000",success
2026-02-15T20:35:58.356774,moveL,"0.400000,-0.200000,0.200000,0.000000,3.141593,0.000000",success
2026-02-15T20:35:59.347758,moveL,"0.400000,-0.200000,0.100000,0.000000,3.141593,0.000000",success
2026-02-15T20:36:00.336971,moveL,"0.400000,-0.200000,0.200000,0.000000,3.141593,0.000000",success
2026-02-15T20:36:02.777840,moveL,"0.551398,0.412869,0.132308,0.000000,3.141593,0.000000",success
2026-02-15T20:36:03.770786,moveL,"0.551398,0.412869,0.032308,0.000000,3.141593,0.000000",success
2026-02-15T20:36:04.760885,moveL,"0.551398,0.412869,0.132308,0.000000,3.141593,0.000000",success
2026-02-15T20:36:07.167339,moveL,"0.510000,-0.200000,0.200000,0.000000,3.141593,0.000000",success
2026-02-15T20:36:08.167481,moveL,"0.510000,-0.200000,0.100000,0.000000,3.141593,0.000000",success
2026-02-15T20:36:09.162289,moveL,"0.510000,-0.200000,0.200000,0.000000,3.141593,0.000000",success
2026-02-15T20:36:11.438897,moveL,"0.425407,0.334690,0.116050,0.000000,3.141593,0.000000",success
2026-02-15T20:36:12.431338,moveL,"0.425407,0.334690,0.016050,0.000000,3.141593,0.000000",success
2026-02-15T20:36:13.433607,moveL,"0.425407,0.334690,0.116050,0.000000,3.141593,0.000000",success
2026-02-15T20:36:15.451646,moveL,"0.400000,-0.090000,0.200000,0.000000,3.141593,0.000000",success
2026-02-15T20:36:16.444868,moveL,"0.400000,-0.090000,0.100000,0.000000,3.141593,0.000000",success
2026-02-15T20:36:17.438220,moveL,"0.400000,-0.090000,0.200000,0.000000,3.141593,0.000000",success
2026-02-15T20:36:19.548059,moveL,"0.605560,0.323599,0.100335,0.000000,3.141593,0.000000",success
2026-02-15T20:36:20.542138,moveL,"0.605560,0.323599,0.000335,0.000000,3.141593,0.000000",success
2026-02-15T20:36:21.539532,moveL,"0.605560,0.323599,0.100335,0.000000,3.141593,0.000000",success
2026-02-15T20:36:23.574238,moveL,"0.510000,-0.090000,0.200000,0.000000,3.141593,0.000000",success
2026-02-15T20:36:24.568797,moveL,"0.510000,-0.090000,0.100000,0.000000,3.141593,0.000000",success
2026-02-15T20:36:25.567427,moveL,"0.510000,-0.090000,0.200000,0.000000,3.141593,0.000000",success
2026-02-15T20:49:27.089910,moveL,"0.500000,0.000000,0.600000,0.000000,3.141593,0.000000",success
2026-02-15T20:49:29.451619,moveL,"0.556262,0.315281,0.101036,0.000000,3.141593,0.000000",success
2026-02-15T20:49:30.452804,moveL,"0.556262,0.315281,0.001036,0.000000,3.141593,0.000000",success
2026-02-15T20:49:31.456706,moveL,"0.556262,0.315281,0.101036,0.000000,3.141593,0.000000",success
2026-02-15T20:49:33.730278,moveL,"0.400000,-0.200000,0.200000,0.000000,3.141593,0.000000",success
2026-02-15T20:49:34.721549,moveL,"0.400000,-0.200000,0.100000,0.000000,3.141593,0.000000",success
2026-02-15T20:49:35.716671,moveL,"0.400000,-0.200000,0.200000,0.000000,3.141593,0.000000",success
2026-02-18T01:10:00.368367,moveL,"0.500000,0.000000,0.600000,0.000000,3.141593,0.000000",success
2026-02-18T01:10:02.712263,moveL,"0.556262,0.315281,0.101036,0.000000,3.141593,0.000000",success
2026-02-18T01:10:03.698671,moveL,"0.556262,0.315281,0.001036,0.000000,3.141593,0.000000",success
2026-02-18T01:10:04.690159,moveL,"0.556262,0.315281,0.101036,0.000000,3.141593,0.000000",success
2026-02-18T01:10:06.937215,moveL,"0.400000,-0.200000,0.200000,0.000000,3.141593,0.000000",success
2026-02-18T01:10:07.930896,moveL,"0.400000,-0.200000,0.100000,0.000000,3.141593,0.000000",success
2026-02-18T01:10:08.914689,moveL,"0.400000,-0.200000,0.200000,0.000000,3.141593,0.000000",success
2026-02-18T01:10:11.359897,moveL,"0.551398,0.412869,0.132308,0.000000,3.141593,0.000000",success
2026-02-18T01:10:12.347410,moveL,"0.551398,0.412869,0.032308,0.000000,3.141593,0.000000",success
2026-02-18T01:10:13.342184,moveL,"0.551398,0.412869,0.132308,0.000000,3.141593,0.000000",success
2026-02-18T01:10:15.735877,moveL,"0.510000,-0.200000,0.200000,0.000000,3.141593,0.000000",success
2026-02-18T01:10:16.721114,moveL,"0.510000,-0.200000,0.100000,0.000000,3.141593,0.000000",success
2026-02-18T01:10:17.714680,moveL,"0.510000,-0.200000,0.200000,0.000000,3.141593,0.000000",success
2026-02-18T01:10:19.964480,moveL,"0.425407,0.334690,0.116050,0.000000,3.141593,0.000000",success
2026-02-18T01:10:20.958506,moveL,"0.425407,0.334690,0.016050,0.000000,3.141593,0.000000",success
2026-02-18T01:10:21.947749,moveL,"0.425407,0.334690,0.116050,0.000000,3.141593,0.000000",success
2026-02-18T01:10:23.953568,moveL,"0.400000,-0.090000,0.200000,0.000000,3.141593,0.000000",success
2026-02-18T01:10:24.944667,moveL,"0.400000,-0.090000,0.100000,0.000000,3.141593,0.000000",success
2026-02-18T01:10:25.933869,moveL,"0.400000,-0.090000,0.200000,0.000000,3.141593,0.000000",success
2026-02-18T01:10:28.027154,moveL,"0.605560,0.323599,0.100335,0.000000,3.141593,0.000000",success
2026-02-18T01:10:29.022513,moveL,"0.605560,0.323599,0.000335,0.000000,3.141593,0.000000",success
2026-02-18T01:10:30.013835,moveL,"0.605560,0.323599,0.100335,0.000000,3.141593,0.000000",success
2026-02-18T01:10:32.040649,moveL,"0.510000,-0.090000,0.200000,0.000000,3.141593,0.000000",success
2026-02-18T01:10:33.030149,moveL,"0.510000,-0.090000,0.100000,0.000000,3.141593,0.000000",success
2026-02-18T01:10:34.019179,moveL,"0.510000,-0.090000,0.200000,0.000000,3.141593,0.000000",success
2026-02-18T01:15:09.167646,moveL,"0.500000,0.000000,0.600000,0.000000,3.141593,0.000000",success
2026-02-18T01:24:09.739827,moveL,"0.500000,0.000000,0.600000,0.000000,3.141593,0.000000",success
2026-02-18T01:24:12.082960,moveL,"0.556262,0.315281,0.101036,0.000000,3.141593,0.000000",success
2026-02-18T01:24:13.071764,moveL,"0.556262,0.315281,0.001036,0.000000,3.141593,0.000000",success
2026-02-18T01:24:14.066187,moveL,"0.556262,0.315281,0.101036,0.000000,3.141593,0.000000",success
2026-02-18T01:24:16.324074,moveL,"0.400000,-0.200000,0.200000,0.000000,3.141593,0.000000",success
2026-02-18T01:24:17.314266,moveL,"0.400000,-0.200000,0.100000,0.000000,3.141593,0.000000",success
2026-02-18T01:24:18.303693,moveL,"0.400000,-0.200000,0.200000,0.000000,3.141593,0.000000",success
2026-02-18T01:24:20.740624,moveL,"0.551398,0.412869,0.132308,0.000000,3.141593,0.000000",success
2026-02-18T01:24:21.729647,moveL,"0.551398,0.412869,0.032308,0.000000,3.141593,0.000000",success
2026-02-18T01:24:22.717333,moveL,"0.551398,0.412869,0.132308,0.000000,3.141593,0.000000",success
2026-02-18T01:24:25.117227,moveL,"0.510000,-0.200000,0.200000,0.000000,3.141593,0.000000",success
2026-02-18T01:24:26.107802,moveL,"0.510000,-0.200000,0.100000,0.000000,3.141593,0.000000",success
2026-02-18T01:24:27.099125,moveL,"0.510000,-0.200000,0.200000,0.000000,3.141593,0.000000",success
2026-02-18T01:24:29.354003,moveL,"0.425407,0.334690,0.116050,0.000000,3.141593,0.000000",success
2026-02-18T01:24:30.346112,moveL,"0.425407,0.334690,0.016050,0.000000,3.141593,0.000000",success
2026-02-18T01:24:31.333261,moveL,"0.425407,0.334690,0.116050,0.000000,3.141593,0.000000",success
2026-02-18T01:24:33.348249,moveL,"0.400000,-0.090000,0.200000,0.000000,3.141593,0.000000",success
2026-02-18T01:24:34.337924,moveL,"0.400000,-0.090000,0.100000,0.000000,3.141593,0.000000",success
2026-02-18T01:24:35.327136,moveL,"0.400000,-0.090000,0.200000,0.000000,3.141593,0.000000",success
2026-02-18T01:24:37.426143,moveL,"0.605560,0.323599,0.100335,0.000000,3.141593,0.000000",success
2026-02-18T01:24:38.420640,moveL,"0.605560,0.323599,0.000335,0.000000,3.141593,0.000000",success
2026-02-18T01:24:39.409996,moveL,"0.605560,0.323599,0.100335,0.000000,3.141593,0.000000",success
2026-02-18T01:24:41.420997,moveL,"0.510000,-0.090000,0.200000,0.000000,3.141593,0.000000",success
2026-02-18T01:24:42.413235,moveL,"0.510000,-0.090000,0.100000,0.000000,3.141593,0.000000",success
2026-02-18T01:24:43.399423,moveL,"0.510000,-0.090000,0.200000,0.000000,3.141593,0.000000",success
2026-02-18T01:26:02.846655,moveL,"0.500000,0.000000,0.600000,0.000000,3.141593,0.000000",success
2026-02-18T01:26:55.263952,moveL,"0.500000,0.000000,0.600000,0.000000,3.141593,0.000000",success
2026-02-18T01:26:57.606627,moveL,"0.556262,0.315281,0.101036,0.000000,3.141593,0.000000",success
2026-02-18T01:26:58.595884,moveL,"0.556262,0.315281,0.001036,0.000000,3.141593,0.000000",success
2026-02-18T01:26:59.587530,moveL,"0.556262,0.315281,0.101036,0.000000,3.141593,0.000000",success
2026-02-18T01:27:01.839041,moveL,"0.400000,-0.200000,0.200000,0.000000,3.141593,0.000000",success
2026-02-18T01:27:02.830640,moveL,"0.400000,-0.200000,0.100000,0.000000,3.141593,0.000000",success
2026-02-18T01:27:03.819185,moveL,"0.400000,-0.200000,0.200000,0.000000,3.141593,0.000000",success
2026-02-18T01:27:06.260375,moveL,"0.551398,0.412869,0.132308,0.000000,3.141593,0.000000",success
2026-02-18T01:27:07.248874,moveL,"0.551398,0.412869,0.032308,0.000000,3.141593,0.000000",success
2026-02-18T01:27:08.237371,moveL,"0.551398,0.412869,0.132308,0.000000,3.141593,0.000000",success
2026-02-18T01:27:10.628889,moveL,"0.510000,-0.200000,0.200000,0.000000,3.141593,0.000000",success
2026-02-18T01:27:11.616623,moveL,"0.510000,-0.200000,0.100000,0.000000,3.141593,0.000000",success
2026-02-18T01:27:12.606905,moveL,"0.510000,-0.200000,0.200000,0.000000,3.141593,0.000000",success
2026-02-18T01:27:14.862532,moveL,"0.425407,0.334690,0.116050,0.000000,3.141593,0.000000",success
2026-02-18T01:27:15.852733,moveL,"0.425407,0.334690,0.016050,0.000000,3.141593,0.000000",success
2026-02-18T01:27:16.847255,moveL,"0.425407,0.334690,0.116050,0.000000,3.141593,0.000000",success
2026-02-18T01:27:18.848944,moveL,"0.400000,-0.090000,0.200000,0.000000,3.141593,0.000000",success
2026-02-18T01:27:19.836474,moveL,"0.400000,-0.090000,0.100000,0.000000,3.141593,0.000000",success
2026-02-18T01:27:20.830549,moveL,"0.400000,-0.090000,0.200000,0.000000,3.141593,0.000000",success
2026-02-18T01:27:22.921711,moveL,"0.605560,0.323599,0.100335,0.000000,3.141593,0.000000",success
2026-02-18T01:27:23.911454,moveL,"0.605560,0.323599,0.000335,0.000000,3.141593,0.000000",success
2026-02-18T01:27:24.900034,moveL,"0.605560,0.323599,0.100335,0.000000,3.141593,0.000000",success
2026-02-18T01:27:26.912582,moveL,"0.510000,-0.090000,0.200000,0.000000,3.141593,0.000000",success
2026-02-18T01:27:27.899288,moveL,"0.510000,-0.090000,0.100000,0.000000,3.141593,0.000000",success
2026-02-18T01:27:28.887583,moveL,"0.510000,-0.090000,0.200000,0.000000,3.141593,0.000000",success
2026-02-18T01:41:00.407526,moveL,"0.500000,0.000000,0.600000,0.000000,3.141593,0.000000",success
2026-02-18T01:41:02.761084,moveL,"0.556262,0.315281,0.101036,0.000000,3.141593,0.000000",success
2026-02-18T01:41:03.747732,moveL,"0.556262,0.315281,0.001036,0.000000,3.141593,0.000000",success
2026-02-18T01:41:04.732799,moveL,"0.556262,0.315281,0.101036,0.000000,3.141593,0.000000",success
2026-02-18T01:41:06.977558,moveL,"0.400000,-0.200000,0.200000,0.000000,3.141593,0.000000",success
2026-02-18T01:41:07.964856,moveL,"0.400000,-0.200000,0.100000,0.000000,3.141593,0.000000",success
2026-02-18T01:41:08.953877,moveL,"0.400000,-0.200000,0.200000,0.000000,3.141593,0.000000",success
2026-02-18T01:41:11.387180,moveL,"0.551398,0.412869,0.132308,0.000000,3.141593,0.000000",success
2026-02-18T01:41:12.381475,moveL,"0.551398,0.412869,0.032308,0.000000,3.141593,0.000000",success
2026-02-18T01:41:13.369713,moveL,"0.551398,0.412869,0.132308,0.000000,3.141593,0.000000",success
2026-02-18T01:41:15.770484,moveL,"0.510000,-0.200000,0.200000,0.000000,3.141593,0.000000",success
2026-02-18T01:41:16.765213,moveL,"0.510000,-0.200000,0.100000,0.000000,3.141593,0.000000",success
2026-02-18T01:41:17.751289,moveL,"0.510000,-0.200000,0.200000,0.000000,3.141593,0.000000",success
2026-02-18T01:41:19.998800,moveL,"0.425407,0.334690,0.116050,0.000000,3.141593,0.000000",success
2026-02-18T01:41:20.989839,moveL,"0.425407,0.334690,0.016050,0.000000,3.141593,0.000000",success
2026-02-18T01:41:21.984553,moveL,"0.425407,0.334690,0.116050,0.000000,3.141593,0.000000",success
2026-02-18T01:41:23.997196,moveL,"0.400000,-0.090000,0.200000,0.000000,3.141593,0.000000",success
2026-02-18T01:41:24.983738,moveL,"0.400000,-0.090000,0.100000,0.000000,3.141593,0.000000",success
2026-02-18T01:41:25.970480,moveL,"0.400000,-0.090000,0.200000,0.000000,3.141593,0.000000",success
2026-02-18T01:41:28.065479,moveL,"0.605560,0.323599,0.100335,0.000000,3.141593,0.000000",success
2026-02-18T01:41:29.054916,moveL,"0.605560,0.323599,0.000335,0.000000,3.141593,0.000000",success
2026-02-18T01:41:30.047433,moveL,"0.605560,0.323599,0.100335,0.000000,3.141593,0.000000",success
2026-02-18T01:41:32.057348,moveL,"0.510000,-0.090000,0.200000,0.000000,3.141593,0.000000",success
2026-02-18T01:41:33.050845,moveL,"0.510000,-0.090000,0.100000,0.000000,3.141593,0.000000",success
2026-02-18T01:41:34.042326,moveL,"0.510000,-0.090000,0.200000,0.000000,3.141593,0.000000",success
2026-02-18T01:41:49.545805,moveL,"0.500000,0.000000,0.600000,0.000000,3.141593,0.000000",success
2026-02-18T01:44:07.891667,moveL,"0.500000,0.000000,0.600000,0.000000,3.141593,0.000000",success
2026-02-18T01:44:35.115447,moveL,"0.500000,0.000000,0.600000,0.000000,3.141593,0.000000",success
2026-02-18T01:45:01.771847,moveL,"0.500000,0.000000,0.600000,0.000000,3.141593,0.000000",success
2026-02-18T01:45:22.089287,moveL,"0.500000,0.000000,0.600000,0.000000,3.141593,0.000000",success
2026-02-18T01:45:58.053369,moveL,"0.500000,0.000000,0.600000,0.000000,3.141593,0.000000",success
2026-02-18T01:55:23.373262,moveL,"0.500000,0.000000,0.600000,0.000000,3.141593,0.000000",success
2026-02-18T02:00:15.761271,moveL,"0.500000,0.000000,0.600000,0.000000,3.141593,0.000000",success
2026-02-18T02:00:32.401520,moveL,"0.500000,0.000000,0.600000,0.000000,3.141593,0.000000",success
2026-02-18T02:00:51.963667,moveL,"0.500000,0.000000,0.600000,0.000000,3.141593,0.000000",success
2026-02-18T02:00:57.329831,moveL,"0.500000,0.000000,0.600000,0.000000,3.141593,0.000000",success
2026-02-18T02:00:59.676584,moveL,"0.556262,0.315281,0.101036,0.000000,3.141593,0.000000",success
2026-02-18T02:01:00.665159,moveL,"0.556262,0.315281,0.001036,0.000000,3.141593,0.000000",success
2026-02-18T02:01:01.663426,moveL,"0.556262,0.315281,0.101036,0.000000,3.141593,0.000000",success
2026-02-18T02:01:03.921323,moveL,"0.400000,-0.200000,0.200000,0.000000,3.141593,0.000000",success
2026-02-18T02:01:04.916353,moveL,"0.400000,-0.200000,0.100000,0.000000,3.141593,0.000000",success
2026-02-18T02:01:05.900931,moveL,"0.400000,-0.200000,0.200000,0.000000,3.141593,0.000000",success
2026-02-18T02:01:08.337871,moveL,"0.551398,0.412869,0.132308,0.000000,3.141593,0.000000",success
2026-02-18T02:01:09.334960,moveL,"0.551398,0.412869,0.032308,0.000000,3.141593,0.000000",success
2026-02-18T02:01:10.331560,moveL,"0.551398,0.412869,0.132308,0.000000,3.141593,0.000000",success
2026-02-18T02:01:12.722753,moveL,"0.510000,-0.200000,0.200000,0.000000,3.141593,0.000000",success
2026-02-18T02:01:13.712181,moveL,"0.510000,-0.200000,0.100000,0.000000,3.141593,0.000000",success
2026-02-18T02:01:14.697447,moveL,"0.510000,-0.200000,0.200000,0.000000,3.141593,0.000000",success
2026-02-18T02:01:16.947398,moveL,"0.425407,0.334690,0.116050,0.000000,3.141593,0.000000",success
2026-02-18T02:01:17.945807,moveL,"0.425407,0.334690,0.016050,0.000000,3.141593,0.000000",success
2026-02-18T02:01:18.933594,moveL,"0.425407,0.334690,0.116050,0.000000,3.141593,0.000000",success
2026-02-18T02:01:20.949206,moveL,"0.400000,-0.090000,0.200000,0.000000,3.141593,0.000000",success
2026-02-18T02:01:21.937699,moveL,"0.400000,-0.090000,0.100000,0.000000,3.141593,0.000000",success
2026-02-18T02:01:22.923116,moveL,"0.400000,-0.090000,0.200000,0.000000,3.141593,0.000000",success
2026-02-18T02:01:25.023730,moveL,"0.605560,0.323599,0.100335,0.000000,3.141593,0.000000",success
2026-02-18T02:01:26.016813,moveL,"0.605560,0.323599,0.000335,0.000000,3.141593,0.000000",success
2026-02-18T02:01:27.005334,moveL,"0.605560,0.323599,0.100335,0.000000,3.141593,0.000000",success
2026-02-18T02:01:29.014654,moveL,"0.510000,-0.090000,0.200000,0.000000,3.141593,0.000000",success
2026-02-18T02:01:30.006807,moveL,"0.510000,-0.090000,0.100000,0.000000,3.141593,0.000000",success
2026-02-18T02:01:30.996303,moveL,"0.510000,-0.090000,0.200000,0.000000,3.141593,0.000000",success
2026-02-18T02:01:51.338994,moveL,"0.500000,0.000000,0.600000,0.000000,3.141593,0.000000",success
2026-02-18T02:02:00.764142,moveL,"0.500000,0.000000,0.600000,0.000000,3.141593,0.000000",success
2026-02-18T02:02:03.118879,moveL,"0.556262,0.315281,0.101036,0.000000,3.141593,0.000000",success
2026-02-18T02:02:04.110676,moveL,"0.556262,0.315281,0.001036,0.000000,3.141593,0.000000",success
2026-02-18T02:02:05.102562,moveL,"0.556262,0.315281,0.101036,0.000000,3.141593,0.000000",success
2026-02-18T02:02:07.354823,moveL,"0.400000,-0.200000,0.200000,0.000000,3.141593,0.000000",success
2026-02-18T02:02:08.345157,moveL,"0.400000,-0.200000,0.100000,0.000000,3.141593,0.000000",success
2026-02-18T02:02:09.339851,moveL,"0.400000,-0.200000,0.200000,0.000000,3.141593,0.000000",success
2026-02-18T02:02:11.772754,moveL,"0.551398,0.412869,0.132308,0.000000,3.141593,0.000000",success
2026-02-18T02:02:12.761611,moveL,"0.551398,0.412869,0.032308,0.000000,3.141593,0.000000",success
2026-02-18T02:02:13.756726,moveL,"0.551398,0.412869,0.132308,0.000000,3.141593,0.000000",success
2026-02-18T02:02:16.169431,moveL,"0.510000,-0.200000,0.200000,0.000000,3.141593,0.000000",success
2026-02-18T02:02:17.162875,moveL,"0.510000,-0.200000,0.100000,0.000000,3.141593,0.000000",success
2026-02-18T02:02:18.148041,moveL,"0.510000,-0.200000,0.200000,0.000000,3.141593,0.000000",success
2026-02-18T02:02:20.401578,moveL,"0.425407,0.334690,0.116050,0.000000,3.141593,0.000000",success
2026-02-18T02:02:21.389047,moveL,"0.425407,0.334690,0.016050,0.000000,3.141593,0.000000",success
2026-02-18T02:02:22.382639,moveL,"0.425407,0.334690,0.116050,0.000000,3.141593,0.000000",success
2026-02-18T02:02:24.399208,moveL,"0.400000,-0.090000,0.200000,0.000000,3.141593,0.000000",success
2026-02-18T02:02:25.398325,moveL,"0.400000,-0.090000,0.100000,0.000000,3.141593,0.000000",success
2026-02-18T02:02:26.387491,moveL,"0.400000,-0.090000,0.200000,0.000000,3.141593,0.000000",success
2026-02-18T02:02:28.480286,moveL,"0.605560,0.323599,0.100335,0.000000,3.141593,0.000000",success
2026-02-18T02:02:29.471284,moveL,"0.605560,0.323599,0.000335,0.000000,3.141593,0.000000",success
2026-02-18T02:02:30.460531,moveL,"0.605560,0.323599,0.100335,0.000000,3.141593,0.000000",success
2026-02-18T02:02:32.479838,moveL,"0.510000,-0.090000,0.200000,0.000000,3.141593,0.000000",success
2026-02-18T02:02:33.467769,moveL,"0.510000,-0.090000,0.100000,0.000000,3.141593,0.000000",success
2026-02-18T02:02:34.456882,moveL,"0.510000,-0.090000,0.200000,0.000000,3.141593,0.000000",success
2026-02-18T02:02:47.019156,moveL,"0.500000,0.000000,0.600000,0.000000,3.141593,0.000000",success
2026-02-18T02:09:20.904376,moveL,"0.500000,0.000000,0.600000,0.000000,3.141593,0.000000",success
2026-02-18T02:09:23.250794,moveL,"0.556262,0.315281,0.101036,0.000000,3.141593,0.000000",success
2026-02-18T02:09:24.234102,moveL,"0.556262,0.315281,0.001036,0.000000,3.141593,0.000000",success
2026-02-18T02:09:25.218440,moveL,"0.556262,0.315281,0.101036,0.000000,3.141593,0.000000",success
2026-02-18T02:09:27.473635,moveL,"0.400000,-0.200000,0.200000,0.000000,3.141593,0.000000",success
2026-02-18T02:09:28.463611,moveL,"0.400000,-0.200000,0.100000,0.000000,3.141593,0.000000",success
2026-02-18T02:09:29.450523,moveL,"0.400000,-0.200000,0.200000,0.000000,3.141593,0.000000",success
2026-02-18T02:09:31.890126,moveL,"0.551398,0.412869,0.132308,0.000000,3.141593,0.000000",success
2026-02-18T02:09:32.886246,moveL,"0.551398,0.412869,0.032308,0.000000,3.141593,0.000000",success
2026-02-18T02:09:33.879611,moveL,"0.551398,0.412869,0.132308,0.000000,3.141593,0.000000",success
2026-02-18T02:09:36.280402,moveL,"0.510000,-0.200000,0.200000,0.000000,3.141593,0.000000",success
2026-02-18T02:09:37.267199,moveL,"0.510000,-0.200000,0.100000,0.000000,3.141593,0.000000",success
2026-02-18T02:09:38.252794,moveL,"0.510000,-0.200000,0.200000,0.000000,3.141593,0.000000",success
2026-02-18T02:09:40.504559,moveL,"0.425407,0.334690,0.116050,0.000000,3.141593,0.000000",success
2026-02-18T02:09:41.495799,moveL,"0.425407,0.334690,0.016050,0.000000,3.141593,0.000000",success
2026-02-18T02:09:42.488207,moveL,"0.425407,0.334690,0.116050,0.000000,3.141593,0.000000",success
2026-02-18T02:09:44.506612,moveL,"0.400000,-0.090000,0.200000,0.000000,3.141593,0.000000",success
2026-02-18T02:09:45.493977,moveL,"0.400000,-0.090000,0.100000,0.000000,3.141593,0.000000",success
2026-02-18T02:09:46.484479,moveL,"0.400000,-0.090000,0.200000,0.000000,3.141593,0.000000",success
2026-02-18T02:09:48.573980,moveL,"0.605560,0.323599,0.100335,0.000000,3.141593,0.000000",success
2026-02-18T02:09:49.568976,moveL,"0.605560,0.323599,0.000335,0.000000,3.141593,0.000000",success
2026-02-18T02:09:50.562563,moveL,"0.605560,0.323599,0.100335,0.000000,3.141593,0.000000",success
2026-02-18T02:09:52.581916,moveL,"0.510000,-0.090000,0.200000,0.000000,3.141593,0.000000",success
2026-02-18T02:09:53.582780,moveL,"0.510000,-0.090000,0.100000,0.000000,3.141593,0.000000",success
2026-02-18T02:09:54.578140,moveL,"0.510000,-0.090000,0.200000,0.000000,3.141593,0.000000",success
2026-02-18T02:15:30.939429,moveL,"0.500000,0.000000,0.600000,0.000000,3.141593,0.000000",success
2026-02-18T02:16:01.471677,moveL,"0.500000,0.000000,0.600000,0.000000,3.141593,0.000000",success
2026-02-18T02:21:55.804216,moveL,"0.500000,0.000000,0.600000,0.000000,3.141593,0.000000",success
2026-02-18T02:22:14.673623,moveL,"0.500000,0.000000,0.600000,0.000000,3.141593,0.000000",success
2026-02-18T02:22:17.032440,moveL,"0.556262,0.315281,0.101036,0.000000,3.141593,0.000000",success
2026-02-18T02:22:18.020887,moveL,"0.556262,0.315281,0.001036,0.000000,3.141593,0.000000",success
2026-02-18T02:22:19.014095,moveL,"0.556262,0.315281,0.101036,0.000000,3.141593,0.000000",success
2026-02-18T02:22:21.258074,moveL,"0.400000,-0.200000,0.200000,0.000000,3.141593,0.000000",success
2026-02-18T02:22:22.244590,moveL,"0.400000,-0.200000,0.100000,0.000000,3.141593,0.000000",success
2026-02-18T02:22:23.230973,moveL,"0.400000,-0.200000,0.200000,0.000000,3.141593,0.000000",success
2026-02-18T02:22:25.675241,moveL,"0.551398,0.412869,0.132308,0.000000,3.141593,0.000000",success
2026-02-18T02:22:26.663327,moveL,"0.551398,0.412869,0.032308,0.000000,3.141593,0.000000",success
2026-02-18T02:22:27.653755,moveL,"0.551398,0.412869,0.132308,0.000000,3.141593,0.000000",success
2026-02-18T02:22:30.046524,moveL,"0.510000,-0.200000,0.200000,0.000000,3.141593,0.000000",success
2026-02-18T02:22:31.031890,moveL,"0.510000,-0.200000,0.100000,0.000000,3.141593,0.000000",success
2026-02-18T02:22:32.019482,moveL,"0.510000,-0.200000,0.200000,0.000000,3.141593,0.000000",success
2026-02-18T02:22:34.270326,moveL,"0.425407,0.334690,0.116050,0.000000,3.141593,0.000000",success
2026-02-18T02:22:35.259991,moveL,"0.425407,0.334690,0.016050,0.000000,3.141593,0.000000",success
2026-02-18T02:22:36.252057,moveL,"0.425407,0.334690,0.116050,0.000000,3.141593,0.000000",success
2026-02-18T02:22:38.257404,moveL,"0.400000,-0.090000,0.200000,0.000000,3.141593,0.000000",success
2026-02-18T02:22:39.241791,moveL,"0.400000,-0.090000,0.100000,0.000000,3.141593,0.000000",success
2026-02-18T02:22:40.228752,moveL,"0.400000,-0.090000,0.200000,0.000000,3.141593,0.000000",success
2026-02-18T02:22:42.319904,moveL,"0.605560,0.323599,0.100335,0.000000,3.141593,0.000000",success
2026-02-18T02:22:43.309311,moveL,"0.605560,0.323599,0.000335,0.000000,3.141593,0.000000",success
2026-02-18T02:22:44.300464,moveL,"0.605560,0.323599,0.100335,0.000000,3.141593,0.000000",success
2026-02-18T02:22:46.310631,moveL,"0.510000,-0.090000,0.200000,0.000000,3.141593,0.000000",success
2026-02-18T02:22:47.297583,moveL,"0.510000,-0.090000,0.100000,0.000000,3.141593,0.000000",success
2026-02-18T02:22:48.290493,moveL,"0.510000,-0.090000,0.200000,0.000000,3.141593,0.000000",success
2026-02-18T02:25:41.700399,moveL,"0.500000,0.000000,0.600000,0.000000,3.141593,0.000000",success
2026-02-18T02:26:03.516421,moveL,"0.500000,0.000000,0.600000,0.000000,3.141593,0.000000",success
2026-02-18T02:26:50.088272,moveL,"0.500000,0.000000,0.600000,0.000000,3.141593,0.000000",cancelled (stop requested)
2026-02-18T02:27:09.909062,moveL,"0.500000,0.000000,0.600000,0.000000,3.141593,0.000000",success
2026-02-18T02:28:05.403210,moveL,"0.500000,0.000000,0.600000,0.000000,3.141593,0.000000",success
2026-02-18T02:29:53.409380,moveL,"0.500000,0.000000,0.600000,0.000000,3.141593,0.000000",success
2026-02-18T02:29:55.744196,moveL,"0.556262,0.315281,0.101036,0.000000,3.141593,0.000000",success
2026-02-18T02:29:56.730547,moveL,"0.556262,0.315281,0.001036,0.000000,3.141593,0.000000",success
2026-02-18T02:29:57.714232,moveL,"0.556262,0.315281,0.101036,0.000000,3.141593,0.000000",success
2026-02-18T02:29:59.970533,moveL,"0.400000,-0.200000,0.200000,0.000000,3.141593,0.000000",success
2026-02-18T02:30:00.964136,moveL,"0.400000,-0.200000,0.100000,0.000000,3.141593,0.000000",success
2026-02-18T02:30:01.954872,moveL,"0.400000,-0.200000,0.200000,0.000000,3.141593,0.000000",success
2026-02-18T02:30:04.390457,moveL,"0.551398,0.412869,0.132308,0.000000,3.141593,0.000000",success
2026-02-18T02:30:05.386459,moveL,"0.551398,0.412869,0.032308,0.000000,3.141593,0.000000",success
2026-02-18T02:30:06.377629,moveL,"0.551398,0.412869,0.132308,0.000000,3.141593,0.000000",success
2026-02-18T02:30:08.768611,moveL,"0.510000,-0.200000,0.200000,0.000000,3.141593,0.000000",success
2026-02-18T02:30:09.754831,moveL,"0.510000,-0.200000,0.100000,0.000000,3.141593,0.000000",success
2026-02-18T02:30:10.744568,moveL,"0.510000,-0.200000,0.200000,0.000000,3.141593,0.000000",success
2026-02-18T02:30:12.989526,moveL,"0.425407,0.334690,0.116050,0.000000,3.141593,0.000000",success
2026-02-18T02:30:13.981887,moveL,"0.425407,0.334690,0.016050,0.000000,3.141593,0.000000",success
2026-02-18T02:30:14.969927,moveL,"0.425407,0.334690,0.116050,0.000000,3.141593,0.000000",success
2026-02-18T02:30:16.983554,moveL,"0.400000,-0.090000,0.200000,0.000000,3.141593,0.000000",success
2026-02-18T02:30:17.979987,moveL,"0.400000,-0.090000,0.100000,0.000000,3.141593,0.000000",success
2026-02-18T02:30:18.969316,moveL,"0.400000,-0.090000,0.200000,0.000000,3.141593,0.000000",success
2026-02-18T02:30:21.067514,moveL,"0.605560,0.323599,0.100335,0.000000,3.141593,0.000000",success
2026-02-18T02:30:22.056708,moveL,"0.605560,0.323599,0.000335,0.000000,3.141593,0.000000",success
2026-02-18T02:30:23.048959,moveL,"0.605560,0.323599,0.100335,0.000000,3.141593,0.000000",success
2026-02-18T02:30:25.063872,moveL,"0.510000,-0.090000,0.200000,0.000000,3.141593,0.000000",success
2026-02-18T02:30:26.050673,moveL,"0.510000,-0.090000,0.100000,0.000000,3.141593,0.000000",success
2026-02-18T02:30:27.040760,moveL,"0.510000,-0.090000,0.200000,0.000000,3.141593,0.000000",success
2026-02-18T02:31:21.607969,moveL,"0.500000,0.000000,0.600000,0.000000,3.141593,0.000000",success
2026-02-18T02:31:23.950746,moveL,"0.556262,0.315281,0.101036,0.000000,3.141593,0.000000",success
2026-02-18T02:31:24.938987,moveL,"0.556262,0.315281,0.001036,0.000000,3.141593,0.000000",success
2026-02-18T02:31:25.928541,moveL,"0.556262,0.315281,0.101036,0.000000,3.141593,0.000000",success
2026-02-18T02:31:28.176283,moveL,"0.400000,-0.200000,0.200000,0.000000,3.141593,0.000000",success
2026-02-18T02:31:29.165625,moveL,"0.400000,-0.200000,0.100000,0.000000,3.141593,0.000000",success
2026-02-18T02:31:30.154173,moveL,"0.400000,-0.200000,0.200000,0.000000,3.141593,0.000000",success
2026-02-18T02:31:32.589670,moveL,"0.551398,0.412869,0.132308,0.000000,3.141593,0.000000",success
2026-02-18T02:31:33.577658,moveL,"0.551398,0.412869,0.032308,0.000000,3.141593,0.000000",success
2026-02-18T02:31:34.565176,moveL,"0.551398,0.412869,0.132308,0.000000,3.141593,0.000000",success
2026-02-18T02:31:36.964370,moveL,"0.510000,-0.200000,0.200000,0.000000,3.141593,0.000000",success
2026-02-18T02:31:37.953267,moveL,"0.510000,-0.200000,0.100000,0.000000,3.141593,0.000000",success
2026-02-18T02:31:38.935754,moveL,"0.510000,-0.200000,0.200000,0.000000,3.141593,0.000000",success
2026-02-18T02:31:41.202860,moveL,"0.425407,0.334690,0.116050,0.000000,3.141593,0.000000",success
2026-02-18T02:31:42.198257,moveL,"0.425407,0.334690,0.016050,0.000000,3.141593,0.000000",success
2026-02-18T02:31:43.185824,moveL,"0.425407,0.334690,0.116050,0.000000,3.141593,0.000000",success
2026-02-18T02:31:45.198111,moveL,"0.400000,-0.090000,0.200000,0.000000,3.141593,0.000000",success
2026-02-18T02:31:46.186111,moveL,"0.400000,-0.090000,0.100000,0.000000,3.141593,0.000000",success
2026-02-18T02:31:47.180068,moveL,"0.400000,-0.090000,0.200000,0.000000,3.141593,0.000000",success
2026-02-18T02:31:49.280328,moveL,"0.605560,0.323599,0.100335,0.000000,3.141593,0.000000",success
2026-02-18T02:31:50.268044,moveL,"0.605560,0.323599,0.000335,0.000000,3.141593,0.000000",success
2026-02-18T02:31:51.254123,moveL,"0.605560,0.323599,0.100335,0.000000,3.141593,0.000000",success
2026-02-18T02:31:53.273533,moveL,"0.510000,-0.090000,0.200000,0.000000,3.141593,0.000000",success
2026-02-18T02:31:54.267193,moveL,"0.510000,-0.090000,0.100000,0.000000,3.141593,0.000000",success
2026-02-18T02:31:55.256326,moveL,"0.510000,-0.090000,0.200000,0.000000,3.141593,0.000000",success
2026-02-18T02:35:44.946237,moveL,"0.500000,0.000000,0.600000,0.000000,3.141593,0.000000",success
2026-02-18T02:35:47.300506,moveL,"0.556262,0.315281,0.101036,0.000000,3.141593,0.000000",success
2026-02-18T02:35:48.287546,moveL,"0.556262,0.315281,0.001036,0.000000,3.141593,0.000000",success
2026-02-18T02:35:49.282255,moveL,"0.556262,0.315281,0.101036,0.000000,3.141593,0.000000",success
2026-02-18T02:35:51.542486,moveL,"0.400000,-0.200000,0.200000,0.000000,3.141593,0.000000",success
2026-02-18T02:35:52.538982,moveL,"0.400000,-0.200000,0.100000,0.000000,3.141593,0.000000",success
2026-02-18T02:35:53.537568,moveL,"0.400000,-0.200000,0.200000,0.000000,3.141593,0.000000",success
2026-02-18T02:35:55.972976,moveL,"0.551398,0.412869,0.132308,0.000000,3.141593,0.000000",success
2026-02-18T02:35:56.969803,moveL,"0.551398,0.412869,0.032308,0.000000,3.141593,0.000000",success
2026-02-18T02:35:57.957018,moveL,"0.551398,0.412869,0.132308,0.000000,3.141593,0.000000",success
2026-02-18T02:36:00.353256,moveL,"0.510000,-0.200000,0.200000,0.000000,3.141593,0.000000",success
2026-02-18T02:36:01.341212,moveL,"0.510000,-0.200000,0.100000,0.000000,3.141593,0.000000",success
2026-02-18T02:36:02.329184,moveL,"0.510000,-0.200000,0.200000,0.000000,3.141593,0.000000",success
2026-02-18T02:36:04.575113,moveL,"0.425407,0.334690,0.116050,0.000000,3.141593,0.000000",success
2026-02-18T02:36:05.568045,moveL,"0.425407,0.334690,0.016050,0.000000,3.141593,0.000000",success
2026-02-18T02:36:06.553721,moveL,"0.425407,0.334690,0.116050,0.000000,3.141593,0.000000",success
2026-02-18T02:36:08.560685,moveL,"0.400000,-0.090000,0.200000,0.000000,3.141593,0.000000",success
2026-02-18T02:36:09.552408,moveL,"0.400000,-0.090000,0.100000,0.000000,3.141593,0.000000",success
2026-02-18T02:36:10.547363,moveL,"0.400000,-0.090000,0.200000,0.000000,3.141593,0.000000",success
2026-02-18T02:36:12.643057,moveL,"0.605560,0.323599,0.100335,0.000000,3.141593,0.000000",success
2026-02-18T02:36:13.631414,moveL,"0.605560,0.323599,0.000335,0.000000,3.141593,0.000000",success
2026-02-18T02:36:14.620091,moveL,"0.605560,0.323599,0.100335,0.000000,3.141593,0.000000",success
2026-02-18T02:36:16.638619,moveL,"0.510000,-0.090000,0.200000,0.000000,3.141593,0.000000",success
2026-02-18T02:36:17.629524,moveL,"0.510000,-0.090000,0.100000,0.000000,3.141593,0.000000",success
2026-02-18T02:36:18.618778,moveL,"0.510000,-0.090000,0.200000,0.000000,3.141593,0.000000",success
2026-02-18T02:38:04.085058,moveL,"0.500000,0.000000,0.600000,0.000000,3.141593,0.000000",success
2026-02-18T02:38:06.426018,moveL,"0.556262,0.315281,0.101036,0.000000,3.141593,0.000000",success
2026-02-18T02:38:07.414887,moveL,"0.556262,0.315281,0.001036,0.000000,3.141593,0.000000",success
2026-02-18T02:38:08.401211,moveL,"0.556262,0.315281,0.101036,0.000000,3.141593,0.000000",success
2026-02-18T02:38:10.656481,moveL,"0.400000,-0.200000,0.200000,0.000000,3.141593,0.000000",success
2026-02-18T02:38:11.644413,moveL,"0.400000,-0.200000,0.100000,0.000000,3.141593,0.000000",success
2026-02-18T02:38:12.637762,moveL,"0.400000,-0.200000,0.200000,0.000000,3.141593,0.000000",success
2026-02-18T02:38:15.076132,moveL,"0.551398,0.412869,0.132308,0.000000,3.141593,0.000000",success
2026-02-18T02:38:16.068627,moveL,"0.551398,0.412869,0.032308,0.000000,3.141593,0.000000",success
2026-02-18T02:38:17.064231,moveL,"0.551398,0.412869,0.132308,0.000000,3.141593,0.000000",success
2026-02-18T02:38:19.465358,moveL,"0.510000,-0.200000,0.200000,0.000000,3.141593,0.000000",success
2026-02-18T02:38:20.454031,moveL,"0.510000,-0.200000,0.100000,0.000000,3.141593,0.000000",success
2026-02-18T02:38:21.445723,moveL,"0.510000,-0.200000,0.200000,0.000000,3.141593,0.000000",success
2026-02-18T02:38:23.693776,moveL,"0.425407,0.334690,0.116050,0.000000,3.141593,0.000000",success
2026-02-18T02:38:24.683083,moveL,"0.425407,0.334690,0.016050,0.000000,3.141593,0.000000",success
2026-02-18T02:38:25.672696,moveL,"0.425407,0.334690,0.116050,0.000000,3.141593,0.000000",success
2026-02-18T02:38:27.686396,moveL,"0.400000,-0.090000,0.200000,0.000000,3.141593,0.000000",success
2026-02-18T02:38:28.683595,moveL,"0.400000,-0.090000,0.100000,0.000000,3.141593,0.000000",success
2026-02-18T02:38:29.681177,moveL,"0.400000,-0.090000,0.200000,0.000000,3.141593,0.000000",success
2026-02-18T02:38:31.773660,moveL,"0.605560,0.323599,0.100335,0.000000,3.141593,0.000000",success
2026-02-18T02:38:32.759344,moveL,"0.605560,0.323599,0.000335,0.000000,3.141593,0.000000",success
2026-02-18T02:38:33.754383,moveL,"0.605560,0.323599,0.100335,0.000000,3.141593,0.000000",success
2026-02-18T02:38:35.763963,moveL,"0.510000,-0.090000,0.200000,0.000000,3.141593,0.000000",success
2026-02-18T02:38:36.749267,moveL,"0.510000,-0.090000,0.100000,0.000000,3.141593,0.000000",success
2026-02-18T02:38:37.740380,moveL,"0.510000,-0.090000,0.200000,0.000000,3.141593,0.000000",success
2026-02-18T02:38:52.471118,moveL,"0.500000,0.000000,0.600000,0.000000,3.141593,0.000000",success
2026-02-18T02:38:54.823172,moveL,"0.556262,0.315281,0.101036,0.000000,3.141593,0.000000",success
2026-02-18T02:38:55.813103,moveL,"0.556262,0.315281,0.001036,0.000000,3.141593,0.000000",success
2026-02-18T02:38:56.801207,moveL,"0.556262,0.315281,0.101036,0.000000,3.141593,0.000000",success
2026-02-18T02:38:59.047187,moveL,"0.400000,-0.200000,0.200000,0.000000,3.141593,0.000000",success
2026-02-18T02:39:00.040826,moveL,"0.400000,-0.200000,0.100000,0.000000,3.141593,0.000000",success
2026-02-18T02:39:01.030962,moveL,"0.400000,-0.200000,0.200000,0.000000,3.141593,0.000000",success
2026-02-18T02:39:03.469036,moveL,"0.551398,0.412869,0.132308,0.000000,3.141593,0.000000",success
2026-02-18T02:39:04.467920,moveL,"0.551398,0.412869,0.032308,0.000000,3.141593,0.000000",success
2026-02-18T02:39:05.458970,moveL,"0.551398,0.412869,0.132308,0.000000,3.141593,0.000000",success
2026-02-18T02:39:07.856900,moveL,"0.510000,-0.200000,0.200000,0.000000,3.141593,0.000000",success
2026-02-18T02:39:08.845342,moveL,"0.510000,-0.200000,0.100000,0.000000,3.141593,0.000000",success
2026-02-18T02:39:09.844356,moveL,"0.510000,-0.200000,0.200000,0.000000,3.141593,0.000000",success
2026-02-18T02:39:12.116286,moveL,"0.425407,0.334690,0.116050,0.000000,3.141593,0.000000",success
2026-02-18T02:39:13.110049,moveL,"0.425407,0.334690,0.016050,0.000000,3.141593,0.000000",success
2026-02-18T02:39:14.099635,moveL,"0.425407,0.334690,0.116050,0.000000,3.141593,0.000000",success
2026-02-18T02:39:16.105029,moveL,"0.400000,-0.090000,0.200000,0.000000,3.141593,0.000000",success
2026-02-18T02:39:17.096912,moveL,"0.400000,-0.090000,0.100000,0.000000,3.141593,0.000000",success
2026-02-18T02:39:18.092507,moveL,"0.400000,-0.090000,0.200000,0.000000,3.141593,0.000000",success
2026-02-18T02:39:20.184116,moveL,"0.605560,0.323599,0.100335,0.000000,3.141593,0.000000",success
2026-02-18T02:39:21.172865,moveL,"0.605560,0.323599,0.000335,0.000000,3.141593,0.000000",success
2026-02-18T02:39:22.161685,moveL,"0.605560,0.323599,0.100335,0.000000,3.141593,0.000000",success
2026-02-18T02:39:24.177805,moveL,"0.510000,-0.090000,0.200000,0.000000,3.141593,0.000000",success
2026-02-18T02:39:25.170896,moveL,"0.510000,-0.090000,0.100000,0.000000,3.141593,0.000000",success
2026-02-18T02:39:26.163886,moveL,"0.510000,-0.090000,0.200000,0.000000,3.141593,0.000000",success
2026-02-18T02:43:40.315494,moveL,"0.500000,0.000000,0.600000,0.000000,3.141593,0.000000",success
2026-02-18T02:43:42.667311,moveL,"0.556262,0.315281,0.101036,0.000000,3.141593,0.000000",success
2026-02-18T02:43:43.664783,moveL,"0.556262,0.315281,0.001036,0.000000,3.141593,0.000000",success
2026-02-18T02:43:44.652297,moveL,"0.556262,0.315281,0.101036,0.000000,3.141593,0.000000",success
2026-02-18T02:43:46.908342,moveL,"0.400000,-0.200000,0.200000,0.000000,3.141593,0.000000",success
2026-02-18T02:43:47.896449,moveL,"0.400000,-0.200000,0.100000,0.000000,3.141593,0.000000",success
2026-02-18T02:43:48.883464,moveL,"0.400000,-0.200000,0.200000,0.000000,3.141593,0.000000",success
2026-02-18T02:43:51.322998,moveL,"0.551398,0.412869,0.132308,0.000000,3.141593,0.000000",success
2026-02-18T02:43:52.317668,moveL,"0.551398,0.412869,0.032308,0.000000,3.141593,0.000000",success
2026-02-18T02:43:53.304529,moveL,"0.551398,0.412869,0.132308,0.000000,3.141593,0.000000",success
2026-02-18T02:43:55.702749,moveL,"0.510000,-0.200000,0.200000,0.000000,3.141593,0.000000",success
2026-02-18T02:43:56.690290,moveL,"0.510000,-0.200000,0.100000,0.000000,3.141593,0.000000",success
2026-02-18T02:43:57.684684,moveL,"0.510000,-0.200000,0.200000,0.000000,3.141593,0.000000",success
2026-02-18T02:43:59.935930,moveL,"0.425407,0.334690,0.116050,0.000000,3.141593,0.000000",success
2026-02-18T02:44:00.927001,moveL,"0.425407,0.334690,0.016050,0.000000,3.141593,0.000000",success
2026-02-18T02:44:01.922569,moveL,"0.425407,0.334690,0.116050,0.000000,3.141593,0.000000",success
2026-02-18T02:44:03.936912,moveL,"0.400000,-0.090000,0.200000,0.000000,3.141593,0.000000",success
2026-02-18T02:44:04.923637,moveL,"0.400000,-0.090000,0.100000,0.000000,3.141593,0.000000",success
2026-02-18T02:44:05.912913,moveL,"0.400000,-0.090000,0.200000,0.000000,3.141593,0.000000",success
2026-02-18T02:44:08.012657,moveL,"0.605560,0.323599,0.100335,0.000000,3.141593,0.000000",success
2026-02-18T02:44:09.004235,moveL,"0.605560,0.323599,0.000335,0.000000,3.141593,0.000000",success
2026-02-18T02:44:09.989118,moveL,"0.605560,0.323599,0.100335,0.000000,3.141593,0.000000",success
2026-02-18T02:44:12.012817,moveL,"0.510000,-0.090000,0.200000,0.000000,3.141593,0.000000",success
2026-02-18T02:44:13.004392,moveL,"0.510000,-0.090000,0.100000,0.000000,3.141593,0.000000",success
2026-02-18T02:44:13.993979,moveL,"0.510000,-0.090000,0.200000,0.000000,3.141593,0.000000",success
2026-02-18T03:05:29.606979,moveL,"0.500000,0.000000,0.600000,0.000000,3.141593,0.000000",success
2026-02-18T03:05:31.953554,moveL,"0.556262,0.315281,0.101036,0.000000,3.141593,0.000000",success
2026-02-18T03:05:32.951785,moveL,"0.556262,0.315281,0.001036,0.000000,3.141593,0.000000",success
2026-02-18T03:05:33.949861,moveL,"0.556262,0.315281,0.101036,0.000000,3.141593,0.000000",success
2026-02-18T03:05:36.212539,moveL,"0.400000,-0.200000,0.200000,0.000000,3.141593,0.000000",success
2026-02-18T03:05:37.198960,moveL,"0.400000,-0.200000,0.100000,0.000000,3.141593,0.000000",success
2026-02-18T03:05:38.187184,moveL,"0.400000,-0.200000,0.200000,0.000000,3.141593,0.000000",success
2026-02-18T03:05:40.626190,moveL,"0.551398,0.412869,0.132308,0.000000,3.141593,0.000000",success
2026-02-18T03:05:41.618873,moveL,"0.551398,0.412869,0.032308,0.000000,3.141593,0.000000",success
2026-02-18T03:05:42.613289,moveL,"0.551398,0.412869,0.132308,0.000000,3.141593,0.000000",success
2026-02-18T03:05:45.011914,moveL,"0.510000,-0.200000,0.200000,0.000000,3.141593,0.000000",success
2026-02-18T03:05:46.002825,moveL,"0.510000,-0.200000,0.100000,0.000000,3.141593,0.000000",success
2026-02-18T03:05:46.994319,moveL,"0.510000,-0.200000,0.200000,0.000000,3.141593,0.000000",stopped
2026-02-18T03:05:55.680077,moveL,"0.500000,0.000000,0.600000,0.000000,3.141593,0.000000",cancelled (stop requested)
2026-02-18T03:06:43.323008,moveL,"0.500000,0.000000,0.600000,0.000000,3.141593,0.000000",success
2026-02-18T03:06:56.619506,moveL,"0.500000,0.000000,0.600000,0.000000,3.141593,0.000000",success
2026-02-18T03:06:58.960178,moveL,"0.556262,0.315281,0.101036,0.000000,3.141593,0.000000",success
2026-02-18T03:06:59.947093,moveL,"0.556262,0.315281,0.001036,0.000000,3.141593,0.000000",success
2026-02-18T03:07:00.932929,moveL,"0.556262,0.315281,0.101036,0.000000,3.141593,0.000000",stopped
2026-02-18T03:07:16.951187,moveL,"0.500000,0.000000,0.600000,0.000000,3.141593,0.000000",cancelled (stop requested)
2026-02-18T03:07:28.782700,moveL,"0.500000,0.000000,0.600000,0.000000,3.141593,0.000000",success
2026-02-18T03:07:53.018295,moveL,"0.500000,0.000000,0.600000,0.000000,3.141593,0.000000",success
2026-02-18T03:07:55.369508,moveL,"0.556262,0.315281,0.101036,0.000000,3.141593,0.000000",success
2026-02-18T03:07:56.359217,moveL,"0.556262,0.315281,0.001036,0.000000,3.141593,0.000000",success
2026-02-18T03:07:57.349146,moveL,"0.556262,0.315281,0.101036,0.000000,3.141593,0.000000",success
2026-02-18T03:07:59.605574,moveL,"0.400000,-0.200000,0.200000,0.000000,3.141593,0.000000",success
2026-02-18T03:08:00.593959,moveL,"0.400000,-0.200000,0.100000,0.000000,3.141593,0.000000",success
2026-02-18T03:08:01.582011,moveL,"0.400000,-0.200000,0.200000,0.000000,3.141593,0.000000",success
2026-02-18T03:08:04.028849,moveL,"0.551398,0.412869,0.132308,0.000000,3.141593,0.000000",success
2026-02-18T03:08:05.023966,moveL,"0.551398,0.412869,0.032308,0.000000,3.141593,0.000000",success
2026-02-18T03:08:06.013402,moveL,"0.551398,0.412869,0.132308,0.000000,3.141593,0.000000",success
2026-02-18T03:08:08.410482,moveL,"0.510000,-0.200000,0.200000,0.000000,3.141593,0.000000",success
2026-02-18T03:08:09.397379,moveL,"0.510000,-0.200000,0.100000,0.000000,3.141593,0.000000",success
2026-02-18T03:08:10.386183,moveL,"0.510000,-0.200000,0.200000,0.000000,3.141593,0.000000",success
2026-02-18T03:08:12.651184,moveL,"0.425407,0.334690,0.116050,0.000000,3.141593,0.000000",success
2026-02-18T03:08:13.637790,moveL,"0.425407,0.334690,0.016050,0.000000,3.141593,0.000000",success
2026-02-18T03:08:14.627716,moveL,"0.425407,0.334690,0.116050,0.000000,3.141593,0.000000",success
2026-02-18T03:08:16.639170,moveL,"0.400000,-0.090000,0.200000,0.000000,3.141593,0.000000",success
2026-02-18T03:08:17.628306,moveL,"0.400000,-0.090000,0.100000,0.000000,3.141593,0.000000",success
2026-02-18T03:08:18.614631,moveL,"0.400000,-0.090000,0.200000,0.000000,3.141593,0.000000",success
2026-02-18T03:08:20.715197,moveL,"0.605560,0.323599,0.100335,0.000000,3.141593,0.000000",success
2026-02-18T03:08:21.716368,moveL,"0.605560,0.323599,0.000335,0.000000,3.141593,0.000000",success
2026-02-18T03:08:22.709173,moveL,"0.605560,0.323599,0.100335,0.000000,3.141593,0.000000",success
2026-02-18T03:08:24.733730,moveL,"0.510000,-0.090000,0.200000,0.000000,3.141593,0.000000",success
2026-02-18T03:08:25.734682,moveL,"0.510000,-0.090000,0.100000,0.000000,3.141593,0.000000",success
2026-02-18T03:08:26.725718,moveL,"0.510000,-0.090000,0.200000,0.000000,3.141593,0.000000",success
2026-02-18T03:08:53.625485,moveL,"0.500000,0.000000,0.600000,0.000000,3.141593,0.000000",success
2026-02-18T03:10:38.205406,moveL,"0.500000,0.000000,0.600000,0.000000,3.141593,0.000000",success
2026-02-18T03:11:17.586962,moveL,"0.500000,0.000000,0.600000,0.000000,3.141593,0.000000",success
2026-02-18T03:11:21.032517,moveL,"0.500000,0.000000,0.600000,0.000000,3.141593,0.000000",success
2026-02-18T03:11:23.373684,moveL,"0.556262,0.315281,0.101036,0.000000,3.141593,0.000000",success
2026-02-18T03:11:24.376261,moveL,"0.556262,0.315281,0.001036,0.000000,3.141593,0.000000",success
2026-02-18T03:11:25.362691,moveL,"0.556262,0.315281,0.101036,0.000000,3.141593,0.000000",success
2026-02-18T03:11:27.610504,moveL,"0.400000,-0.200000,0.200000,0.000000,3.141593,0.000000",success
2026-02-18T03:11:28.599785,moveL,"0.400000,-0.200000,0.100000,0.000000,3.141593,0.000000",success
2026-02-18T03:11:29.586316,moveL,"0.400000,-0.200000,0.200000,0.000000,3.141593,0.000000",success
2026-02-18T03:11:32.035420,moveL,"0.551398,0.412869,0.132308,0.000000,3.141593,0.000000",success
2026-02-18T03:11:33.026795,moveL,"0.551398,0.412869,0.032308,0.000000,3.141593,0.000000",success
2026-02-18T03:11:34.018220,moveL,"0.551398,0.412869,0.132308,0.000000,3.141593,0.000000",success
2026-02-18T03:11:36.417402,moveL,"0.510000,-0.200000,0.200000,0.000000,3.141593,0.000000",success
2026-02-18T03:11:37.405085,moveL,"0.510000,-0.200000,0.100000,0.000000,3.141593,0.000000",success
2026-02-18T03:11:38.396208,moveL,"0.510000,-0.200000,0.200000,0.000000,3.141593,0.000000",stopped
2026-02-18T03:11:55.772479,moveL,"0.500000,0.000000,0.600000,0.000000,3.141593,0.000000",cancelled (stop requested)
2026-02-18T03:14:31.501858,moveL,"0.500000,0.000000,0.600000,0.000000,3.141593,0.000000",success
2026-02-18T03:14:33.847901,moveL,"0.556262,0.315281,0.101036,0.000000,3.141593,0.000000",success
2026-02-18T03:14:34.838367,moveL,"0.556262,0.315281,0.001036,0.000000,3.141593,0.000000",success
2026-02-18T03:14:35.825318,moveL,"0.556262,0.315281,0.101036,0.000000,3.141593,0.000000",stopped
2026-02-18T03:14:45.021604,moveL,"0.500000,0.000000,0.600000,0.000000,3.141593,0.000000",success
2026-02-18T03:30:18.910450,moveL,"0.500000,0.000000,0.600000,0.000000,3.141593,0.000000",success
2026-02-18T03:30:41.999121,moveL,"0.500000,0.000000,0.600000,0.000000,3.141593,0.000000",success
2026-02-18T03:31:07.275951,moveL,"0.500000,0.000000,0.600000,0.000000,3.141593,0.000000",success
2026-02-18T03:31:16.421198,moveL,"0.500000,0.000000,0.600000,0.000000,3.141593,0.000000",success
2026-02-18T03:32:19.762184,moveL,"0.500000,0.000000,0.600000,0.000000,3.141593,0.000000",success
2026-02-18T03:32:22.103735,moveL,"0.556262,0.315281,0.101036,0.000000,3.141593,0.000000",success
2026-02-18T03:32:23.092212,moveL,"0.556262,0.315281,0.001036,0.000000,3.141593,0.000000",success
2026-02-18T03:32:24.081021,moveL,"0.556262,0.315281,0.101036,0.000000,3.141593,0.000000",success
2026-02-18T03:32:26.334410,moveL,"0.400000,-0.200000,0.200000,0.000000,3.141593,0.000000",success
2026-02-18T03:32:27.330758,moveL,"0.400000,-0.200000,0.100000,0.000000,3.141593,0.000000",success
2026-02-18T03:32:28.319838,moveL,"0.400000,-0.200000,0.200000,0.000000,3.141593,0.000000",success
2026-02-18T03:35:37.050745,moveL,"0.500000,0.000000,0.600000,0.000000,3.141593,0.000000",success
2026-02-18T03:35:39.394855,moveL,"0.556262,0.315281,0.101036,0.000000,3.141593,0.000000",success
2026-02-18T03:35:40.383540,moveL,"0.556262,0.315281,0.001036,0.000000,3.141593,0.000000",success
2026-02-18T03:35:41.371223,moveL,"0.556262,0.315281,0.101036,0.000000,3.141593,0.000000",success
2026-02-18T03:35:43.624658,moveL,"0.400000,-0.200000,0.200000,0.000000,3.141593,0.000000",success
2026-02-18T03:35:44.613718,moveL,"0.400000,-0.200000,0.100000,0.000000,3.141593,0.000000",success
2026-02-18T03:35:45.610585,moveL,"0.400000,-0.200000,0.200000,0.000000,3.141593,0.000000",success
2026-02-18T03:35:47.865476,moveL,"0.556262,0.315281,0.101036,0.000000,3.141593,0.000000",success
2026-02-18T03:35:48.861381,moveL,"0.556262,0.315281,0.001036,0.000000,3.141593,0.000000",success
2026-02-18T03:35:49.852594,moveL,"0.556262,0.315281,0.101036,0.000000,3.141593,0.000000",success
2026-02-18T03:35:52.054093,moveL,"0.510000,-0.200000,0.200000,0.000000,3.141593,0.000000",success
2026-02-18T03:35:53.050312,moveL,"0.510000,-0.200000,0.100000,0.000000,3.141593,0.000000",success
2026-02-18T03:35:54.047738,moveL,"0.510000,-0.200000,0.200000,0.000000,3.141593,0.000000",success
2026-02-18T03:39:30.121826,moveL,"0.500000,0.000000,0.600000,0.000000,3.141593,0.000000",success
2026-02-18T03:39:32.465635,moveL,"0.556262,0.315281,0.101036,0.000000,3.141593,0.000000",success
2026-02-18T03:39:33.454676,moveL,"0.556262,0.315281,0.001036,0.000000,3.141593,0.000000",success
2026-02-18T03:39:34.453736,moveL,"0.556262,0.315281,0.101036,0.000000,3.141593,0.000000",success
2026-02-18T03:39:36.706384,moveL,"0.400000,-0.200000,0.200000,0.000000,3.141593,0.000000",success
2026-02-18T03:39:37.699017,moveL,"0.400000,-0.200000,0.100000,0.000000,3.141593,0.000000",success
2026-02-18T03:39:38.685104,moveL,"0.400000,-0.200000,0.200000,0.000000,3.141593,0.000000",success
